"pitches","player_id","player_name","total_pitches","pitch_percent","ba","iso","babip","slg","woba","xwoba","xba","hits","abs","launch_speed","launch_angle","spin_rate","velocity","effective_speed","whiffs","swings","takes","eff_min_vel","release_extension","pos3_int_start_distance","pos4_int_start_distance","pos5_int_start_distance","pos6_int_start_distance","pos7_int_start_distance","pos8_int_start_distance","pos9_int_start_distance","pitcher_run_exp","run_exp","bat_speed","swing_length","pa","bip","singles","doubles","triples","hrs","so","k_percent","bb","bb_percent","api_break_z_with_gravity","api_break_z_induced","api_break_x_arm","api_break_x_batter_in","hyper_speed","bbdist","hardhit_percent","barrels_per_bbe_percent","barrels_per_pa_percent","release_pos_z","release_pos_x","plate_x","plate_z","obp","barrels_total","batter_run_value_per_100","xobp","xslg","pitcher_run_value_per_100","xbadiff","xobpdiff","xslgdiff","wobadiff","swing_miss_percent","arm_angle"
2885,592450,"Judge, Aaron",2885,100,0.322,0.379,0.367,0.701,0.476,0.479,0.31,180,559,96.2,19,2278,89.4,89.61,372,1213,1672,0.19999999999998863,6.51,106,151,124,145,307,332,294,"-96.5","96.5","75.7","8.1",684,390,85,36,1,58,171,25,113,16.5,2.33468,0.56683,0.27492,-0.01048,"94.4",189,61.02564102564103,26.923076923076923,15.350877192982457,5.77,-0.86,0.22,2.34,0.442,105,"3.345857886",0.433,0.723,"-3.345857886",0.012,0.009000000000000008,-0.022,-0.003,30.7,"38.5"
2838,660271,"Ohtani, Shohei",2838,100,0.31,0.336,0.336,0.646,0.431,0.442,0.314,197,636,95.7,16,2233,89.4,89.68,400,1343,1495,0.29999999999999716,6.41,117,146,130,152,301,326,307,"-66.9","66.9","74.7","7.7",721,479,98,38,7,54,162,22.5,71,9.8,2.34087,0.54775,0.34484,-0.16328,"94.5",173,60.125260960334025,21.50313152400835,14.285714285714285,5.76,-0.57,-0.13,2.35,0.382,103,"2.356800564",0.388,0.66,"-2.356800564",-0.004,-0.006000000000000005,-0.014,-0.011,29.8,"38.0"
2600,677951,"Witt Jr., Bobby",2600,100,0.332,0.256,0.354,0.588,0.41,0.407,0.315,211,636,92.7,15.1,2289,89.2,89.62,296,1330,1270,0.3999999999999915,6.46,108,150,120,146,311,328,296,"-59.6","59.6","73.2","7.0",700,538,123,45,11,32,106,15.1,48,6.9,2.315,0.58221,0.19924,0.07073,"93.2",178,48.3271375464684,14.312267657992564,11,5.79,-1.08,0.37,2.28,0.381,77,"2.294",0.37,0.577,"-2.294",0.017,0.01100000000000001,0.011,0.003,22.3,"40.6"
2960,665742,"Soto, Juan",2960,100,0.289,0.282,0.298,0.57,0.421,0.463,0.317,166,575,93.5,10.1,2242,88.9,89.13,237,1101,1859,0.19999999999998863,6.46,116,146,122,151,296,329,300,"-69.1","69.1","72.9","7.2",710,461,90,31,4,41,118,16.6,127,17.9,2.40744,0.51921,0.3688,-0.2046,"94.3",159,56.83297180043384,19.739696312364423,12.816901408450704,5.76,-0.65,-0.16,2.15,0.418,91,"2.33402027",0.444,0.647,"-2.33402027",-0.028,-0.026000000000000023,-0.077,-0.042,21.5,"37.8"
2264,670541,"Alvarez, Yordan",2264,100,0.309,0.26,0.317,0.568,0.402,0.411,0.304,170,551,93,18.1,2269,89.3,89.34,215,1083,1181,0,6.41,117,146,131,152,294,332,302,"-40.3","40.3","75.2","7.5",617,461,99,34,2,35,94,15.2,52,8.4,2.26648,0.64711,0.33582,-0.13232,"93.5",180,49.67462039045553,14.533622559652928,10.85899513776337,5.81,-0.6,-0.13,2.43,0.376,67,"1.781978799",0.372,0.596,"-1.781978799",0.005,0.0040000000000000036,-0.028,-0.009,19.9,"38.1"
2378,667670,"Rooker, Brent",2378,100,0.293,0.269,0.362,0.562,0.392,0.38,0.266,160,546,91.9,18.9,2265,89,89.19,407,1193,1185,0.20000000000000284,6.44,108,151,123,146,303,324,295,"-44.7","44.7","71.8","7.0",610,373,93,26,2,39,177,29,55,9,2.30904,0.61586,0.323,0.14753,"92.6",171,49.597855227882036,16.621983914209114,10.163934426229508,5.78,-1.07,0.26,2.28,0.361,62,"1.880067283",0.337,0.557,"-1.880067283",0.027,0.023999999999999966,0.005,0.012,34.1,"38.1"
2146,606466,"Marte, Ketel",2146,100,0.292,0.268,0.299,0.56,0.391,0.392,0.294,147,504,93.7,9.2,2184,89.4,89.75,220,1035,1111,0.3999999999999915,6.46,114,148,118,149,298,326,302,"-36.9","36.9","72.0","7.5",576,407,86,23,2,36,106,18.4,58,10.1,2.26152,0.62315,0.4392,-0.4392,"93.7",156,53.8083538083538,12.285012285012286,8.680555555555555,5.79,-0.56,-0.07,2.35,0.365,50,"1.717287978",0.371,0.538,"-1.717287978",-0.002,-0.006000000000000005,0.022,-0.001,21.3,"39.4"
2875,542303,"Ozuna, Marcell",2875,100,0.302,0.244,0.359,0.546,0.395,0.402,0.287,183,606,92.2,14.4,2264,89.2,89.61,422,1345,1528,0.3999999999999915,6.54,108,151,124,147,309,329,298,"-38.6","38.6","72.3","7.3",686,440,113,31,0,39,170,24.8,72,10.5,2.37156,0.53876,0.29858,0.0469,"93.0",173,53.40909090909091,15.454545454545453,9.912536443148689,5.8,-0.87,0.3,2.26,0.377,68,"1.342226087",0.366,0.573,"-1.342226087",0.015,0.01100000000000001,-0.027,-0.007,31.4,"38.3"
2602,665489,"Guerrero Jr., Vladimir",2602,100,0.323,0.221,0.342,0.544,0.398,0.408,0.321,199,616,93.8,7.4,2267,90.2,90.38,268,1249,1352,0.20000000000000284,6.47,108,151,124,147,305,328,294,"-46.2","46.2","74.6","7.7",685,524,124,44,1,30,96,14,60,8.8,2.18773,0.65857,0.40917,0.13929,"93.8",156,54.770992366412216,13.740458015267176,10.510948905109489,5.73,-1.07,0.16,2.36,0.385,72,"1.776249039",0.384,0.567,"-1.776249039",0.002,0.0010000000000000009,-0.023,-0.01,21.5,"37.4"
2735,608070,"Ramírez, José",2735,100,0.279,0.258,0.265,0.537,0.364,0.329,0.259,173,620,89.2,19.6,2218,88.7,88.96,205,1352,1382,0.29999999999999716,6.43,112,146,125,149,295,324,296,"-36.8","36.8","69.8","7.2",670,544,93,39,2,39,82,12.2,42,6.3,2.43954,0.49642,0.34454,-0.34383,"92.6",167,39.705882352941174,8.63970588235294,7.014925373134329,5.76,-0.99,-0.17,2.24,0.323,47,"1.344533821",0.307,0.453,"-1.344533821",0.02,0.016000000000000014,0.084,0.035,15.2,"37.9"
2896,683002,"Henderson, Gunnar",2896,100,0.281,0.248,0.32,0.529,0.381,0.373,0.283,177,630,92.8,9.2,2225,89.4,89.63,312,1281,1615,0.19999999999998863,6.45,118,147,125,152,298,328,304,"-29.3","29.3","74.7","7.2",716,475,102,31,7,37,159,22.2,75,10.5,2.29492,0.59938,0.41684,-0.19259,"93.1",156,53.89473684210526,11.157894736842106,7.402234636871509,5.73,-0.62,-0.22,2.34,0.362,53,"1.012361878",0.366,0.492,"-1.012361878",-0.002,-0.0040000000000000036,0.037,0.008,24.4,"37.8"
2469,547180,"Harper, Bryce",2469,100,0.285,0.24,0.331,0.525,0.38,0.357,0.267,157,550,91,13.4,2233,88.8,89.18,348,1305,1164,0.4000000000000057,6.49,116,146,129,151,294,326,302,"-34.2","34.2","72.5","7.2",620,415,85,42,0,30,138,22.3,65,10.5,2.40295,0.54525,0.3085,-0.08868,"92.1",166,48.19277108433735,10.602409638554217,7.096774193548387,5.84,-0.48,-0.17,2.3,0.362,44,"1.384528149",0.347,0.474,"-1.384528149",0.018,0.015000000000000013,0.051,0.023,26.7,"38.6"
2375,646240,"Devers, Rafael",2375,100,0.272,0.244,0.323,0.516,0.364,0.364,0.272,143,525,93.2,11.6,2274,90,90.29,373,1209,1166,0.29999999999999716,6.46,114,146,130,151,286,325,308,"-19.8","19.8","70.8","7.4",587,384,76,34,5,28,147,25,53,9,2.18641,0.66719,0.39005,-0.08675,"93.2",171,52.604166666666664,13.020833333333334,8.517887563884157,5.7,-0.36,-0.18,2.37,0.339,50,"0.835157895",0.339,0.509,"-0.835157895",0,0,0.007,0,30.9,"37.5"
1872,608369,"Seager, Corey",1872,100,0.278,0.234,0.291,0.512,0.365,0.39,0.289,132,475,92.1,13.5,2226,88.9,89.06,232,993,879,0.19999999999998863,6.43,116,146,133,152,299,329,304,"-31.1","31.1","70.7","6.5",522,381,81,21,0,30,96,18.4,42,8,2.38741,0.54103,0.35182,-0.26955,"92.8",170,50.65616797900262,15.223097112860891,11.11111111111111,5.76,-0.67,-0.25,2.28,0.339,58,"1.662767094",0.351,0.561,"-1.662767094",-0.011,-0.011999999999999955,-0.049,-0.025,23.4,"38.7"
2738,623993,"Santander, Anthony",2738,100,0.235,0.271,0.225,0.506,0.345,0.324,0.228,140,595,89.8,22.8,2249,89.7,89.91,272,1362,1376,0.20000000000000284,6.44,115,148,126,150,300,327,298,"-16.2","16.2","71.8","7.1",662,471,69,25,2,44,129,19.5,55,8.3,2.22322,0.65164,0.37402,-0.37402,"91.9",172,41.6135881104034,11.67728237791932,8.308157099697885,5.75,-0.84,-0.05,2.45,0.305,55,"0.590613587",0.301,0.445,"-0.590613587",0.007,0.0040000000000000036,0.061,0.021,20,"38.5"
2608,606192,"Hernández, Teoscar",2608,100,0.272,0.229,0.344,0.501,0.36,0.346,0.25,160,589,90.6,10.2,2278,89.3,89.65,454,1334,1274,0.29999999999999716,6.46,108,151,123,146,306,324,296,"-21.6","21.6","71.4","7.7",649,402,93,32,2,33,188,29,50,7.7,2.36086,0.54178,0.28329,0.06732,"92.3",164,46.766169154228855,14.925373134328357,9.244992295839753,5.71,-0.95,0.28,2.26,0.336,60,"0.827032209",0.317,0.486,"-0.827032209",0.022,0.019000000000000017,0.015,0.014,34,"37.1"
2214,701538,"Merrill, Jackson",2214,100,0.292,0.208,0.318,0.5,0.352,0.372,0.303,162,554,89.8,14.1,2215,89.2,89.39,258,1260,954,0.20000000000000284,6.48,115,146,112,150,289,320,303,"-12.1","12.1","70.2","7.4",592,462,101,31,6,24,101,17.1,28,4.7,2.35452,0.56726,0.37097,-0.2474,"91.9",174,43.93939393939394,11.255411255411255,8.783783783783784,5.73,-0.88,-0.13,2.34,0.325,52,"0.54467028",0.336,0.534,"-0.54467028",-0.011,-0.01100000000000001,-0.034,-0.02,20.5,"37.3"
2713,596019,"Lindor, Francisco",2713,100,0.273,0.227,0.295,0.5,0.363,0.379,0.283,169,618,90.8,16.9,2231,89.4,89.68,313,1322,1391,0.29999999999999716,6.49,116,147,117,150,296,324,300,"-28.2","28.2","70.8","7.5",689,494,96,39,1,33,127,18.4,56,8.1,2.28806,0.62094,0.38026,-0.38235,"92.6",171,47.368421052631575,13.562753036437247,9.724238026124818,5.77,-0.93,-0.06,2.33,0.344,67,"1.037928492",0.353,0.528,"-1.037928492",-0.01,-0.009000000000000008,-0.028,-0.016,23.7,"38.7"
2844,680776,"Duran, Jarren",2844,100,0.285,0.207,0.345,0.492,0.357,0.342,0.275,191,671,90.2,9.1,2265,89.5,89.76,340,1373,1470,0.29999999999999716,6.45,116,146,107,151,282,320,307,"-19.8","19.8","71.8","7.5",734,515,108,48,14,21,160,21.8,53,7.2,2.25743,0.63511,0.35958,-0.15863,"92.2",159,43.883495145631066,9.320388349514563,6.539509536784741,5.72,-0.66,-0.11,2.38,0.341,48,"0.695850914",0.333,0.453,"-0.695850914",0.01,0.008000000000000007,0.039,0.015,24.8,"38.1"
2047,605141,"Betts, Mookie",2047,100,0.289,0.202,0.294,0.491,0.37,0.356,0.282,130,450,89.9,21.4,2263,89.8,90.12,123,826,1221,0.29999999999999716,6.45,109,151,122,146,304,323,296,"-30.2","30.2","66.9","6.8",513,397,82,24,5,19,57,11.1,58,11.3,2.24469,0.62103,0.36575,0.04631,"91.6",185,39.54659949622166,6.045340050377834,4.678362573099415,5.73,-0.69,0.3,2.3,0.368,24,"1.476257938",0.365,0.447,"-1.476257938",0.007,0.0030000000000000027,0.044,0.014,14.9,"37.5"
2852,656941,"Schwarber, Kyle",2852,100,0.248,0.237,0.301,0.485,0.366,0.38,0.256,142,573,93.6,15,2228,88.8,89.1,365,1139,1713,0.29999999999999716,6.45,120,146,127,152,296,326,298,"-33.8","33.8","75.0","7.6",688,384,82,22,0,38,197,28.6,102,14.8,2.35435,0.58473,0.33307,-0.09331,"94.3",157,55.46875,15.625,8.720930232558139,5.84,-0.51,-0.21,2.2,0.362,60,"1.184046283",0.37,0.512,"-1.184046283",-0.008,-0.008000000000000007,-0.027,-0.014,32,"37.9"
2509,673548,"Suzuki, Seiya",2509,100,0.283,0.199,0.37,0.482,0.365,0.346,0.255,145,512,91.7,16.2,2262,89.7,90.08,244,994,1515,0.3999999999999915,6.46,108,150,123,146,304,323,294,"-28.2","28.2","70.7","7.1",582,356,91,27,6,21,160,27.5,60,10.3,2.29045,0.57863,0.34972,0.06829,"92.3",178,49.157303370786515,11.51685393258427,7.0446735395189,5.78,-0.87,0.24,2.27,0.363,41,"1.124790753",0.339,0.453,"-1.124790753",0.028,0.023999999999999966,0.029,0.019,24.5,"37.6"
2415,682985,"Greene, Riley",2415,100,0.262,0.217,0.329,0.479,0.355,0.353,0.253,134,512,91.3,12.2,2235,88.8,88.98,286,1069,1345,0.20000000000000284,6.41,117,147,123,152,294,328,302,"-19.7","19.7","73.5","7.1",581,358,77,27,6,24,156,26.9,61,10.5,2.34235,0.59118,0.37677,-0.23258,"92.2",161,46.927374301675975,13.40782122905028,8.261617900172118,5.73,-0.84,-0.2,2.34,0.345,48,"0.814120083",0.337,0.477,"-0.814120083",0.009,0.007999999999999952,0.002,0.002,26.8,"38.6"
2522,518692,"Freeman, Freddie",2522,100,0.282,0.194,0.306,0.476,0.365,0.366,0.278,153,542,89.4,14.3,2247,89.6,89.89,251,1245,1277,0.30000000000001137,6.43,118,147,128,151,295,322,303,"-17.2","17.2","68.4","6.7",628,450,94,35,2,22,100,15.9,68,10.8,2.27956,0.60002,0.36216,-0.16631,"91.7",166,41.77777777777778,9.11111111111111,6.528662420382165,5.76,-0.56,-0.08,2.43,0.368,41,"0.683148295",0.367,0.466,"-0.683148295",0.004,0.0010000000000000009,0.01,-0.001,20.2,"37.8"
2387,592518,"Machado, Manny",2387,100,0.275,0.197,0.302,0.472,0.34,0.338,0.272,163,593,92.4,12.9,2258,89.9,90.19,300,1232,1155,0.29999999999999716,6.52,108,151,124,147,303,325,296,"-18.1","18.1","73.3","7.7",637,473,104,30,0,29,124,19.5,39,6.1,2.24424,0.62589,0.3741,0.15047,"93.1",165,48.837209302325576,10.993657505285412,8.16326530612245,5.73,-1.03,0.13,2.32,0.319,52,"0.757855048",0.319,0.461,"-0.757855048",0.003,0,0.011,0.002,24.4,"38.1"
2751,682829,"De La Cruz, Elly",2751,100,0.259,0.212,0.359,0.471,0.349,0.328,0.24,160,618,90.9,9.5,2230,88.6,88.91,398,1193,1558,0.30000000000001137,6.44,114,147,114,150,297,325,299,"-19.3","19.3","72.7","7.2",694,403,89,36,10,25,218,31.4,67,9.7,2.41024,0.53691,0.30132,-0.30132,"92.7",151,45.6575682382134,12.655086848635236,7.348703170028818,5.82,-0.63,-0.01,2.41,0.337,51,"0.701817521",0.32,0.428,"-0.701817521",0.019,0.017000000000000015,0.043,0.021,33.4,"38.7"
2011,671218,"Ramos, Heliot",2011,100,0.269,0.2,0.329,0.469,0.339,0.338,0.25,128,475,91.5,10.5,2284,89.5,89.85,290,1012,999,0.29999999999999716,6.44,108,151,122,147,305,323,293,"-14.2","14.2","73.1","6.8",516,344,80,23,3,22,135,26.2,35,6.8,2.28137,0.60277,0.30927,0.0531,"92.4",169,47.383720930232556,14.534883720930234,9.689922480620156,5.81,-0.78,0.26,2.27,0.32,50,"0.707458976",0.305,0.481,"-0.707458976",0.019,0.015000000000000013,-0.012,0.001,28.7,"38.6"
2542,553993,"Suárez, Eugenio",2542,100,0.256,0.214,0.309,0.469,0.337,0.33,0.247,146,571,89.1,19.5,2266,89.6,89.95,349,1200,1342,0.4000000000000057,6.47,108,151,124,146,303,326,296,"-12.9","12.9","69.9","7.7",640,406,86,28,2,30,176,27.5,49,7.7,2.25483,0.62756,0.3314,0.0412,"91.9",166,42.364532019704434,11.330049261083744,7.187499999999999,5.74,-0.53,0.23,2.33,0.319,46,"0.509008655",0.314,0.447,"-0.509008655",0.009,0.0050000000000000044,0.022,0.007,29.1,"37.7"
2043,607208,"Turner, Trea",2043,100,0.295,0.174,0.331,0.469,0.349,0.318,0.264,149,505,89.1,11.5,2260,88.8,89.11,287,1098,945,0.29999999999999716,6.51,107,151,119,147,302,322,290,"-15.7","15.7","70.0","7.5",539,408,103,25,0,21,98,18.2,27,5,2.37637,0.56473,0.24581,-0.08947,"92.0",154,40.68627450980392,6.862745098039216,5.194805194805195,5.83,-0.58,0.3,2.23,0.338,28,"0.767254038",0.309,0.419,"-0.767254038",0.031,0.029000000000000026,0.05,0.031,26.1,"38.7"
2528,678662,"Tovar, Ezequiel",2528,100,0.269,0.2,0.344,0.469,0.324,0.289,0.233,176,655,87.9,18.1,2281,89,89.45,528,1576,952,0.4000000000000057,6.41,106,150,114,147,307,327,291,"-3.9","3.9","69.4","7.4",694,467,101,45,4,26,200,28.8,22,3.2,2.39688,0.50892,0.22354,-0.01149,"91.2",175,39.82869379014989,8.993576017130621,6.051873198847262,5.75,-0.71,0.31,2.27,0.294,42,"0.153006329",0.263,0.401,"-0.153006329",0.036,0.030999999999999972,0.068,0.035,33.5,"37.5"
2315,572233,"Walker, Christian",2315,100,0.251,0.217,0.287,0.468,0.343,0.351,0.246,120,479,91.2,16.6,2260,89.4,89.74,285,1112,1202,0.29999999999999716,6.47,109,151,124,146,304,328,297,"-11.4","11.4","72.8","7.5",548,354,68,26,0,26,133,24.3,51,9.3,2.27124,0.62295,0.29738,-0.01408,"92.4",173,48.0225988700565,13.27683615819209,8.576642335766424,5.76,-0.72,0.29,2.29,0.33,47,"0.490280778",0.334,0.457,"-0.490280778",0.005,-0.0040000000000000036,0.011,-0.008,25.6,"38.9"
2677,661388,"Contreras, William",2677,100,0.281,0.185,0.33,0.466,0.359,0.358,0.269,167,595,92.8,6.1,2265,89.3,89.62,352,1268,1409,0.29999999999999716,6.49,108,150,122,147,307,323,292,"-29.9","29.9","72.7","7.3",674,459,105,37,2,23,139,20.6,73,10.8,2.31297,0.59205,0.33556,0.08088,"93.3",147,49.45533769063181,10.021786492374728,6.824925816023739,5.79,-0.81,0.19,2.25,0.361,46,"1.115950691",0.351,0.471,"-1.115950691",0.012,0.010000000000000009,-0.005,0.001,27.8,"39.7"
2103,694192,"Chourio, Jackson",2103,100,0.275,0.189,0.32,0.464,0.339,0.328,0.274,145,528,89.1,7.2,2284,89.1,89.36,278,1027,1073,0.30000000000001137,6.46,107,150,114,147,304,321,290,"-22.8","22.8","71.1","7.3",569,410,91,29,4,21,121,21.3,35,6.2,2.3269,0.59302,0.3351,-0.0019,"92.4",153,44.87804878048781,7.804878048780488,5.623901581722319,5.74,-0.68,0.14,2.28,0.322,32,"1.085068949",0.322,0.43,"-1.085068949",0.001,0,0.034,0.011,27.1,"38.9"
2706,656305,"Chapman, Matt",2706,100,0.247,0.216,0.293,0.463,0.34,0.34,0.25,142,575,93.2,16.2,2288,89.4,89.72,284,1207,1499,0.29999999999999716,6.43,108,152,123,147,303,324,297,"-18","18","74.5","7.4",643,419,74,39,2,27,158,24.6,60,9.3,2.27032,0.61882,0.29515,0.01865,"93.0",164,48.21002386634845,12.649164677804295,8.242612752721618,5.82,-0.77,0.21,2.35,0.323,53,"0.666297118",0.328,0.451,"-0.666297118",-0.003,-0.0050000000000000044,0.012,0,23.5,"38.4"
2733,642715,"Adames, Willy",2733,100,0.251,0.211,0.297,0.462,0.342,0.339,0.243,153,610,88.6,20.6,2292,89.7,90.07,399,1352,1381,0.3999999999999915,6.5,107,150,121,146,304,322,293,"-27.1","27.1","72.0","8.1",685,440,88,33,0,32,173,25.3,71,10.4,2.23974,0.63072,0.32499,0.10893,"91.6",171,40.68181818181818,12.045454545454545,7.737226277372263,5.75,-0.82,0.13,2.3,0.328,53,"0.989974387",0.321,0.461,"-0.989974387",0.008,0.007000000000000006,0.001,0.003,29.5,"39.3"
2081,669394,"Burger, Jake",2081,100,0.25,0.209,0.292,0.46,0.325,0.338,0.256,134,535,91.3,13,2237,89,89.3,328,1090,991,0.29999999999999716,6.52,108,151,123,147,305,324,294,"-6.8","6.8","72.9","7.4",577,389,81,23,1,29,150,26,29,5,2.34224,0.58446,0.36428,-0.00508,"93.4",156,46.7866323907455,12.339331619537274,8.31889081455806,5.73,-0.6,0.16,2.19,0.298,48,"0.326093224",0.305,0.476,"-0.326093224",-0.006,-0.007000000000000006,-0.016,-0.013,30.1,"38.4"
2780,624413,"Alonso, Pete",2780,100,0.241,0.219,0.276,0.46,0.34,0.343,0.243,146,607,89.8,14.4,2269,89.7,89.97,295,1192,1588,0.29999999999999716,6.5,108,151,124,147,304,326,296,"-11.9","11.9","73.3","7.3",690,440,81,31,0,34,171,24.8,66,9.6,2.28967,0.60796,0.36678,0.06469,"92.8",160,46.36363636363636,13.18181818181818,8.405797101449275,5.76,-0.77,0.15,2.28,0.326,58,"0.426402878",0.329,0.462,"-0.426402878",-0.002,-0.0030000000000000027,-0.002,-0.003,24.7,"38.1"
2739,595777,"Profar, Jurickson",2739,100,0.28,0.179,0.302,0.459,0.365,0.364,0.282,158,564,90.1,12.5,2218,89.3,89.57,213,1250,1489,0.29999999999999716,6.51,114,147,115,150,294,321,297,"-31.2","31.2","69.4","7.2",664,473,105,29,0,24,101,15.2,72,10.8,2.32563,0.58432,0.39109,-0.39109,"92.3",159,44.397463002114165,7.188160676532769,5.120481927710843,5.75,-0.88,-0.09,2.36,0.376,34,"1.137787514",0.38,0.444,"-1.137787514",-0.002,-0.0040000000000000036,0.015,0.001,17,"37.7"
2947,621566,"Olson, Matt",2947,100,0.247,0.21,0.293,0.457,0.339,0.34,0.247,148,600,91.5,16.1,2245,89.7,90.16,385,1465,1481,0.5,6.51,115,146,129,152,303,329,304,"-19.1","19.1","72.3","7.3",679,435,81,37,1,29,170,25,65,9.6,2.23471,0.64361,0.3476,-0.15034,"92.3",177,47.356321839080465,12.413793103448276,7.952871870397643,5.82,-0.85,-0.12,2.48,0.327,54,"0.647913132",0.33,0.448,"-0.647913132",0,-0.0030000000000000027,0.009,-0.001,26.3,"37.8"
2284,647304,"Naylor, Josh",2284,100,0.243,0.213,0.246,0.456,0.331,0.334,0.257,137,563,89.9,11.1,2210,88.4,88.72,257,1149,1134,0.29999999999999716,6.45,116,146,126,151,291,323,300,"-9","9","71.0","7.6",625,462,79,27,0,31,105,16.8,50,8,2.45698,0.506,0.3335,-0.21747,"92.6",145,40.909090909090914,8.441558441558442,6.239999999999999,5.73,-0.82,-0.24,2.23,0.311,39,"0.392425569",0.324,0.443,"-0.392425569",-0.014,-0.013000000000000012,0.013,-0.003,22.4,"37.3"
2301,521692,"Perez, Salvador",2301,100,0.271,0.185,0.302,0.456,0.335,0.36,0.275,160,590,91.1,19,2281,88.5,88.86,370,1330,971,0.4000000000000057,6.47,108,151,123,146,306,329,301,"-17.9","17.9","71.8","7.9",643,467,105,28,0,27,129,20.1,35,5.4,2.43723,0.51099,0.14371,-0.00235,"92.6",171,44.75374732334047,12.205567451820128,8.864696734059098,5.76,-0.99,0.42,2.25,0.321,57,"0.776140808",0.325,0.522,"-0.776140808",-0.004,-0.0040000000000000036,-0.066,-0.025,27.8,"40.0"
2393,608324,"Bregman, Alex",2393,100,0.26,0.193,0.264,0.453,0.331,0.319,0.257,151,581,89.1,18.2,2259,89.6,89.71,138,1075,1318,0.10000000000000853,6.47,107,151,120,146,295,325,291,"-4.4","4.4","69.8","6.9",633,499,93,30,2,26,86,13.6,43,6.8,2.25181,0.64215,0.37681,0.12562,"91.8",167,40.480961923847694,6.4128256513026045,5.055292259083728,5.77,-0.8,0.23,2.27,0.314,32,"0.184580025",0.313,0.417,"-0.184580025",0.003,0.0010000000000000009,0.036,0.012,12.8,"37.6"
2381,665833,"Cruz, Oneil",2381,100,0.26,0.191,0.347,0.451,0.332,0.341,0.264,140,539,95.5,9.8,2258,88.4,88.66,376,1102,1279,0.29999999999999716,6.45,116,146,125,151,300,325,303,"-0.4","0.4","76.6","7.6",592,364,82,34,3,21,179,30.2,46,7.8,2.54859,0.41345,0.24142,-0.17281,"94.4",150,54.94505494505495,15.659340659340659,9.628378378378379,5.77,-0.96,-0.16,2.28,0.319,57,"0.015875682",0.324,0.463,"-0.015875682",-0.004,-0.0050000000000000044,-0.012,-0.009,34.1,"37.8"
1993,669127,"Langeliers, Shea",1993,100,0.224,0.226,0.252,0.45,0.315,0.328,0.241,108,482,91.3,16.3,2254,88.7,88.85,288,986,1007,0.20000000000000284,6.42,106,152,122,146,301,324,295,"2.4","-2.4","72.9","7.2",532,343,59,18,2,29,145,27.3,39,7.3,2.33973,0.63478,0.29819,0.02836,"92.7",168,44.02332361516035,12.82798833819242,8.270676691729323,5.82,-0.85,0.27,2.23,0.286,44,"-0.120772704",0.302,0.456,"0.120772704",-0.017,-0.016000000000000014,-0.006,-0.013,29.2,"39.2"
2122,664761,"Bohm, Alec",2122,100,0.28,0.168,0.305,0.448,0.335,0.342,0.288,155,554,90.4,10.1,2262,89.5,89.83,186,1054,1067,0.29999999999999716,6.52,107,150,123,147,304,323,288,"-22","22","71.0","7.3",604,474,94,44,2,15,86,14.2,38,6.3,2.26834,0.62911,0.33841,-0.00741,"92.3",161,45.56962025316456,6.751054852320674,5.298013245033113,5.81,-0.7,0.16,2.35,0.329,32,"1.036286522",0.34,0.444,"-1.036286522",-0.008,-0.01100000000000001,0.004,-0.007,17.6,"38.0"
2604,668804,"Reynolds, Bryan",2604,100,0.275,0.172,0.33,0.447,0.343,0.35,0.27,171,622,89.9,9.4,2206,88.8,89.13,386,1313,1291,0.29999999999999716,6.45,113,147,122,150,300,322,296,"-24.6","24.6","69.7","6.8",689,469,115,29,3,24,156,22.6,54,7.8,2.43433,0.49198,0.38121,-0.38121,"92.0",153,45.41577825159915,9.594882729211088,6.531204644412192,5.71,-0.79,-0.11,2.22,0.341,45,"0.943970814",0.339,0.463,"-0.943970814",0.005,0.0020000000000000018,-0.016,-0.007,29.4,"36.9"
2311,681297,"Cowser, Colton",2311,100,0.242,0.204,0.317,0.447,0.331,0.326,0.23,121,499,90.3,13.1,2229,89,89.25,313,1029,1282,0.20000000000000284,6.46,116,146,114,151,297,327,303,"4","-4","71.6","6.9",559,330,70,24,3,24,172,30.8,50,8.9,2.37556,0.54888,0.39423,-0.29333,"91.9",165,46.06060606060606,13.636363636363635,8.050089445438283,5.71,-0.9,-0.21,2.31,0.318,45,"-0.173215058",0.31,0.437,"0.173215058",0.012,0.008000000000000007,0.01,0.005,30.4,"37.3"
2133,686469,"Pasquantino, Vinnie",2133,100,0.262,0.183,0.265,0.446,0.325,0.331,0.266,130,496,90.9,14.5,2242,89.2,89.43,148,1020,1112,0.20000000000000284,6.4,115,144,124,149,297,326,305,"-13.8","13.8","70.2","7.3",553,439,79,30,2,19,71,12.8,39,7.1,2.30686,0.59611,0.35235,-0.21894,"92.9",154,46.46924829157175,7.061503416856492,5.605786618444846,5.76,-0.98,-0.13,2.35,0.313,31,"0.646929208",0.321,0.438,"-0.646929208",-0.004,-0.008000000000000007,0.008,-0.006,14.5,"39.7"
2158,686668,"Doyle, Brenton",2158,100,0.26,0.186,0.316,0.446,0.328,0.329,0.254,141,542,88.4,12.6,2302,89,89.48,331,1110,1048,0.5,6.43,106,151,113,147,308,328,294,"-8.9","8.9","69.2","7.3",602,401,90,24,4,23,153,25.4,45,7.5,2.41325,0.49229,0.23839,0.00742,"91.9",162,41.39650872817955,10.473815461346634,6.976744186046512,5.73,-0.82,0.22,2.29,0.316,42,"0.410101946",0.313,0.437,"-0.410101946",0.006,0.0030000000000000027,0.009,-0.001,29.8,"37.2"
1947,663886,"Stephenson, Tyler",1947,100,0.258,0.186,0.307,0.444,0.339,0.322,0.241,118,457,90.2,10.9,2272,89.5,89.87,191,842,1103,0.4000000000000057,6.49,108,150,122,146,304,323,289,"-11.9","11.9","68.7","7.4",513,342,72,26,1,19,117,22.8,46,9,2.3035,0.58035,0.34948,0.08803,"92.0",159,43.859649122807014,9.064327485380117,6.042884990253411,5.79,-0.84,0.18,2.25,0.335,31,"0.610272214",0.322,0.403,"-0.610272214",0.017,0.013000000000000012,0.041,0.017,22.7,"38.2"
1883,671277,"García Jr., Luis",1883,100,0.282,0.162,0.31,0.444,0.328,0.331,0.278,141,500,88.5,7.5,2224,88.5,88.85,207,974,909,0.4000000000000057,6.48,118,147,112,150,290,320,303,"-11.8","11.8","69.7","7.2",526,415,97,25,1,18,86,16.3,25,4.8,2.49027,0.46959,0.32484,-0.21115,"91.7",149,41.68674698795181,7.951807228915662,6.273764258555133,5.82,-0.95,-0.15,2.19,0.316,33,"0.625544344",0.313,0.452,"-0.625544344",0.004,0.0030000000000000027,-0.008,-0.003,21.3,"37.9"
2289,687263,"Neto, Zach",2289,100,0.249,0.194,0.295,0.443,0.33,0.317,0.236,135,542,87.6,11.2,2271,88.7,88.89,303,1119,1170,0.20000000000000284,6.45,106,151,112,146,303,323,293,"-19.6","19.6","68.1","7.0",601,407,77,34,1,23,140,23.3,38,6.3,2.40756,0.53754,0.28094,0.10945,"92.1",143,38.82063882063882,8.353808353808354,5.657237936772046,5.78,-1.16,0.3,2.19,0.317,34,"0.856924421",0.306,0.414,"-0.856924421",0.013,0.01100000000000001,0.029,0.013,27.1,"37.9"
2128,673237,"Diaz, Yainer",2128,100,0.3,0.142,0.338,0.442,0.329,0.339,0.3,175,584,90.2,8.9,2286,88.6,88.61,300,1252,876,0,6.45,107,151,121,146,299,326,291,"-15.2","15.2","71.0","7.4",617,486,127,29,3,16,106,17.2,23,3.7,2.40156,0.56319,0.26864,0.00135,"92.2",149,47.53086419753087,7.613168724279835,5.9967585089141,5.82,-0.74,0.3,2.18,0.324,37,"0.713345865",0.326,0.459,"-0.713345865",0,-0.0020000000000000018,-0.017,-0.01,24,"38.9"
2361,624585,"Soler, Jorge",2361,100,0.241,0.201,0.293,0.442,0.34,0.346,0.244,119,493,90.5,17.9,2267,88.6,88.97,303,1050,1311,0.4000000000000057,6.49,108,152,125,146,305,326,299,"-11.7","11.7","73.9","7.9",574,356,63,34,1,21,141,24.6,68,11.8,2.4338,0.50869,0.28566,0.00526,"92.7",151,44.10112359550562,12.640449438202248,7.8397212543554,5.83,-0.77,0.22,2.22,0.338,45,"0.497331639",0.342,0.447,"-0.497331639",-0.003,-0.0040000000000000036,-0.005,-0.006,28.9,"38.7"
2721,664023,"Happ, Ian",2721,100,0.243,0.199,0.299,0.441,0.341,0.345,0.243,138,569,90.6,15.1,2205,89.4,89.71,348,1249,1472,0.29999999999999716,6.44,116,146,118,149,295,322,299,"-15.5","15.5","70.6","6.9",656,403,77,34,2,25,168,25.6,79,12,2.26994,0.61967,0.44292,-0.44292,"92.2",164,45.16129032258064,11.662531017369728,7.164634146341463,5.76,-0.91,-0.07,2.32,0.34,47,"0.568798236",0.341,0.446,"-0.568798236",0,-0.0010000000000000009,-0.005,-0.004,27.9,"37.1"
2365,683737,"Busch, Michael",2365,100,0.248,0.192,0.322,0.44,0.336,0.319,0.217,123,496,89.7,17.1,2253,89.2,89.51,303,1068,1296,0.29999999999999716,6.46,116,145,118,151,293,322,302,"-5.5","5.5","68.1","7.1",566,338,72,28,2,21,162,28.6,62,11,2.31413,0.59995,0.32634,-0.2234,"91.5",165,39.94082840236686,11.242603550295858,6.713780918727916,5.73,-1.17,-0.14,2.32,0.334,38,"0.230909091",0.308,0.418,"-0.230909091",0.031,0.026000000000000023,0.022,0.017,28.4,"37.4"
2454,514888,"Altuve, Jose",2454,100,0.295,0.145,0.337,0.439,0.344,0.316,0.262,185,628,85.2,13.4,2242,88.9,88.99,279,1263,1191,0.09999999999999432,6.45,107,151,107,146,292,325,292,"-18","18","66.7","7.7",680,509,134,31,0,20,119,17.5,45,6.6,2.34906,0.59008,0.35541,0.13818,"91.0",140,31.237721021611005,6.4833005893909625,4.852941176470589,5.81,-0.92,0.24,2.05,0.349,33,"0.732355338",0.319,0.399,"-0.732355338",0.033,0.02999999999999997,0.04,0.028,22.1,"38.8"
2483,668709,"Bleday, JJ",2483,100,0.243,0.194,0.279,0.437,0.33,0.319,0.242,139,572,88.3,18.4,2236,88.8,88.97,294,1125,1358,0.20000000000000284,6.44,114,145,112,151,292,323,300,"-4.7","4.7","69.4","7.2",640,448,72,43,4,20,125,19.5,65,10.2,2.40137,0.54996,0.38437,-0.29478,"91.6",163,36.160714285714285,8.258928571428571,5.78125,5.76,-1.19,-0.21,2.27,0.322,37,"0.190213451",0.322,0.4,"-0.190213451",0.001,0,0.037,0.011,26.1,"37.5"
2514,663728,"Raleigh, Cal",2514,100,0.22,0.216,0.251,0.436,0.323,0.346,0.233,120,546,91,21.2,2211,88.9,89.13,407,1315,1199,0.19999999999998863,6.42,111,146,123,150,297,325,296,"-11.9","11.9","72.8","7.7",624,376,70,16,0,34,176,28.2,66,10.6,2.34597,0.57836,0.37521,-0.37293,"92.6",169,48.138297872340424,15.425531914893616,9.294871794871796,5.73,-0.93,-0.06,2.34,0.308,58,"0.471996818",0.322,0.476,"-0.471996818",-0.013,-0.014000000000000012,-0.04,-0.023,31,"38.9"
2495,665862,"Chisholm Jr., Jazz",2495,100,0.256,0.18,0.309,0.436,0.327,0.316,0.24,144,562,88.9,10.7,2231,88.9,89.05,348,1186,1309,0.09999999999999432,6.47,116,146,109,151,294,323,297,"-7.4","7.4","69.1","7.3",616,412,95,21,4,24,152,24.7,48,7.8,2.3601,0.58226,0.37426,-0.15056,"91.8",136,41.019417475728154,9.70873786407767,6.493506493506493,5.69,-0.56,-0.2,2.25,0.318,40,"0.295310621",0.304,0.415,"-0.295310621",0.016,0.014000000000000012,0.021,0.011,29.3,"36.6"
2083,666971,"Gurriel Jr., Lourdes",2083,100,0.279,0.156,0.313,0.435,0.327,0.319,0.267,143,513,88.4,15.7,2255,89.4,89.76,215,1064,1019,0.3999999999999915,6.47,109,151,123,148,305,326,295,"-2.7","2.7","68.7","7.4",552,417,101,22,2,18,101,18.3,28,5.1,2.25798,0.63424,0.31702,-0.05112,"91.5",161,40.04796163069545,6.71462829736211,5.072463768115942,5.76,-0.58,0.3,2.32,0.321,28,"0.130964954",0.311,0.421,"-0.130964954",0.012,0.010000000000000009,0.014,0.008,20.2,"39.1"
2271,669257,"Smith, Will",2271,100,0.248,0.185,0.273,0.433,0.325,0.333,0.242,118,476,89.4,18.7,2269,90.1,90.42,219,1050,1221,0.30000000000001137,6.45,108,151,123,146,306,322,293,"-3.6","3.6","65.8","7.1",537,379,72,24,2,20,105,19.6,44,8.2,2.22355,0.62256,0.36046,0.08812,"91.2",184,41.952506596306065,10.817941952506596,7.635009310986965,5.74,-0.85,0.28,2.33,0.318,41,"0.158168208",0.316,0.446,"-0.158168208",0.006,0.0020000000000000018,-0.013,-0.008,20.9,"37.3"
2261,682928,"Abrams, CJ",2261,100,0.246,0.187,0.285,0.433,0.322,0.319,0.247,133,541,88.1,15,2247,88.5,88.9,297,1204,1057,0.4000000000000057,6.48,118,146,111,150,292,321,301,"-5.7","5.7","69.8","7.4",599,418,78,29,6,20,128,21.4,37,6.2,2.43925,0.50758,0.31443,-0.12543,"91.4",154,40.66985645933015,6.937799043062201,4.841402337228715,5.8,-0.57,-0.14,2.26,0.311,29,"0.250818222",0.314,0.409,"-0.250818222",-0.001,-0.0030000000000000027,0.024,0.003,24.7,"37.8"
2344,592206,"Castellanos, Nick",2344,100,0.255,0.177,0.294,0.431,0.321,0.334,0.271,154,605,88.4,15.2,2278,88.5,88.78,410,1360,984,0.29999999999999716,6.48,109,151,123,147,301,324,290,"-2.6","2.6","70.3","7.5",656,469,97,30,4,23,138,21,39,5.9,2.45425,0.4997,0.19699,-0.03503,"91.4",160,38.16631130063966,8.102345415778252,5.7926829268292686,5.84,-0.78,0.25,2.3,0.309,38,"0.109598976",0.325,0.442,"-0.109598976",-0.016,-0.016000000000000014,-0.011,-0.013,30.1,"38.6"
2648,682998,"Carroll, Corbin",2648,100,0.231,0.197,0.256,0.428,0.325,0.324,0.241,136,589,88.8,11.5,2243,89.7,89.98,223,1096,1552,0.29999999999999716,6.44,115,146,107,151,294,325,304,"-8.6","8.6","71.5","6.9",684,471,78,22,14,22,130,19,73,10.7,2.22928,0.64734,0.36603,-0.1354,"92.4",144,40.76433121019109,7.218683651804671,4.970760233918129,5.78,-0.64,-0.01,2.35,0.322,34,"0.326095166",0.334,0.391,"-0.326095166",-0.01,-0.01200000000000001,0.037,0.001,20.3,"38.8"
2599,621493,"Ward, Taylor",2599,100,0.246,0.179,0.294,0.426,0.325,0.344,0.251,144,585,90.9,17.4,2305,89.2,89.34,287,1124,1475,0.09999999999999432,6.41,107,151,121,146,307,324,295,"-6.7","6.7","68.0","7.0",663,430,91,26,2,25,163,24.6,63,9.5,2.31736,0.59255,0.23287,0.07762,"91.8",179,42.32558139534884,13.023255813953488,8.446455505279035,5.81,-1.17,0.24,2.35,0.323,56,"0.258445556",0.331,0.458,"-0.258445556",-0.005,-0.008000000000000007,-0.032,-0.019,25.5,"38.3"
2083,641355,"Bellinger, Cody",2083,100,0.266,0.161,0.287,0.426,0.322,0.301,0.242,137,516,87.8,17.4,2254,89.3,89.63,230,1038,1045,0.29999999999999716,6.44,117,145,123,151,294,324,302,"-11.3","11.3","67.4","7.6",562,432,93,23,3,18,89,15.8,38,6.8,2.35756,0.54021,0.34116,-0.18259,"91.1",155,32.870370370370374,6.25,4.804270462633451,5.76,-0.74,-0.21,2.4,0.317,27,"0.540902544",0.297,0.391,"-0.540902544",0.024,0.020000000000000018,0.035,0.021,22.2,"36.9"
2165,680757,"Kwan, Steven",2165,100,0.292,0.133,0.304,0.425,0.349,0.333,0.284,140,480,85,14.4,2242,89.5,89.7,69,846,1319,0.20000000000000284,6.42,113,147,102,150,277,314,298,"-17.3","17.3","62.6","6.3",540,431,107,16,3,14,51,9.4,53,9.8,2.23885,0.64578,0.44364,-0.21846,"90.3",173,23.665893271461716,2.5522041763341066,2.037037037037037,5.73,-0.77,-0.29,2.31,0.368,11,"0.799907621",0.361,0.385,"-0.799907621",0.008,0.007000000000000006,0.04,0.016,8.2,"36.7"
1901,663624,"Mountcastle, Ryan",1901,100,0.271,0.154,0.327,0.425,0.316,0.332,0.272,128,473,90.8,10.4,2300,89.2,89.38,268,1067,834,0.20000000000000284,6.45,107,151,122,147,308,326,293,"-7","7","73.6","7.4",507,365,83,30,2,13,114,22.5,27,5.3,2.29309,0.6192,0.26856,-0.02679,"92.0",167,45.20547945205479,8.767123287671232,6.31163708086785,5.76,-0.76,0.17,2.34,0.308,32,"0.365860074",0.313,0.445,"-0.365860074",-0.001,-0.0050000000000000044,-0.02,-0.016,25.1,"38.7"
2312,663837,"Vierling, Matt",2312,100,0.257,0.166,0.303,0.423,0.317,0.309,0.256,133,518,89.4,11.5,2282,89.5,89.71,193,990,1322,0.20000000000000284,6.41,107,151,117,146,300,324,289,"3.1","-3.1","69.8","7.3",566,402,84,28,5,16,121,21.4,40,7.1,2.21727,0.67191,0.32095,0.06127,"91.7",167,40.547263681592035,7.462686567164178,5.30035335689046,5.75,-0.83,0.26,2.38,0.311,30,"-0.135423875",0.312,0.393,"0.135423875",0.001,-0.0010000000000000009,0.03,0.008,19.5,"39.2"
2117,676475,"Burleson, Alec",2117,100,0.269,0.152,0.276,0.42,0.319,0.329,0.273,147,547,89.4,13.2,2248,89.2,89.57,227,1180,937,0.3999999999999915,6.47,117,146,115,151,297,324,306,"-3.3","3.3","69.4","7.4",595,478,106,20,0,21,76,12.8,35,5.9,2.32439,0.57746,0.28811,-0.16835,"91.7",156,41.63179916317992,6.485355648535565,5.2100840336134455,5.75,-0.95,-0.31,2.41,0.314,31,"0.1573453",0.32,0.435,"-0.1573453",-0.004,-0.006000000000000005,-0.015,-0.01,19.2,"38.0"
2423,467793,"Santana, Carlos",2423,100,0.238,0.182,0.252,0.42,0.326,0.33,0.246,124,521,89.2,16.1,2231,88.6,88.93,244,1049,1374,0.30000000000001137,6.46,114,146,125,150,297,324,296,"-4.5","4.5","70.3","7.5",591,424,75,26,0,23,99,16.8,62,10.5,2.40237,0.54144,0.34273,-0.34273,"92.0",151,39.85849056603774,7.311320754716981,5.245346869712352,5.74,-0.91,-0.06,2.25,0.325,31,"0.186504333",0.332,0.415,"-0.186504333",-0.008,-0.007000000000000006,0.005,-0.004,23.3,"37.8"
2243,656555,"Hoskins, Rhys",2243,100,0.214,0.205,0.25,0.419,0.313,0.301,0.202,96,449,88.7,20.8,2317,89.5,89.86,253,961,1282,0.4000000000000057,6.49,108,151,122,146,305,323,295,"-5.4","5.4","68.9","8.1",516,306,56,14,0,26,149,28.9,52,10.1,2.31986,0.57528,0.25338,0.05748,"91.7",165,42.15686274509804,12.745098039215685,7.55813953488372,5.74,-0.88,0.21,2.3,0.302,39,"0.241016496",0.294,0.387,"-0.241016496",0.012,0.008000000000000007,0.032,0.012,26.3,"39.1"
1991,660821,"Sánchez, Jesús",1991,100,0.252,0.166,0.316,0.418,0.318,0.343,0.264,123,488,92.3,7.6,2241,89.4,89.55,331,1060,931,0.09999999999999432,6.45,116,147,121,151,294,323,302,"5","-5","72.9","7.0",534,351,79,25,1,18,140,26.2,39,7.3,2.29662,0.60349,0.36371,-0.24744,"93.3",148,51.28205128205128,12.250712250712251,8.05243445692884,5.71,-1.04,-0.17,2.34,0.311,43,"-0.253490708",0.323,0.468,"0.253490708",-0.012,-0.01200000000000001,-0.05,-0.025,31.2,"37.6"
2487,680977,"Donovan, Brendan",2487,100,0.278,0.14,0.3,0.417,0.332,0.335,0.277,163,587,88.3,12.8,2235,89.6,89.94,166,1100,1386,0.30000000000001137,6.48,117,146,108,151,293,322,303,"-12.4","12.4","67.6","6.7",652,511,112,34,3,14,81,12.4,47,7.2,2.26577,0.61101,0.35713,-0.13975,"91.6",164,37.573385518590996,5.47945205479452,4.294478527607362,5.75,-0.77,-0.14,2.38,0.342,28,"0.497989546",0.343,0.419,"-0.497989546",0.001,-0.0010000000000000009,-0.002,-0.003,15.1,"38.1"
2558,691026,"Winn, Masyn",2558,100,0.267,0.148,0.303,0.416,0.315,0.293,0.256,157,587,86,12.9,2265,89.2,89.58,228,1201,1356,0.3999999999999915,6.49,106,150,112,147,305,321,289,"2.9","-2.9","68.0","7.2",635,486,105,32,5,15,109,17.2,39,6.1,2.28215,0.62151,0.28377,-0.03969,"91.2",154,32.71604938271605,3.7037037037037033,2.8346456692913384,5.75,-0.64,0.23,2.37,0.312,18,"-0.111493354",0.303,0.358,"0.111493354",0.011,0.009000000000000008,0.058,0.022,19,"38.4"
2256,694671,"Langford, Wyatt",2256,100,0.253,0.162,0.296,0.415,0.321,0.331,0.257,126,499,89.6,16.6,2265,89.5,89.7,221,966,1290,0.20000000000000284,6.47,108,151,121,146,304,326,295,"-7","7","72.8","6.9",554,387,81,25,4,16,115,20.8,48,8.7,2.2966,0.60016,0.33615,0.15852,"92.4",156,43.41085271317829,9.30232558139535,6.4981949458483745,5.76,-0.95,0.25,2.24,0.321,36,"0.309929078",0.327,0.427,"-0.309929078",-0.004,-0.006000000000000005,-0.012,-0.01,22.9,"39.0"
2719,502671,"Goldschmidt, Paul",2719,100,0.245,0.169,0.308,0.414,0.31,0.329,0.255,147,599,91.2,13.1,2265,89.2,89.62,356,1297,1422,0.3999999999999915,6.49,108,150,123,147,308,327,297,"8.1","-8.1","71.2","7.7",652,428,91,33,1,22,173,26.5,45,6.9,2.3013,0.59889,0.27583,0.03786,"92.4",166,49.532710280373834,10.74766355140187,7.05521472392638,5.74,-0.91,0.2,2.28,0.299,46,"-0.298050754",0.309,0.45,"0.298050754",-0.01,-0.010000000000000009,-0.036,-0.019,27.4,"38.4"
2460,650490,"Díaz, Yandy",2460,100,0.281,0.133,0.314,0.414,0.331,0.336,0.277,158,563,92.2,5,2267,90.2,90.25,153,1079,1381,0.09999999999999432,6.44,111,151,124,149,307,327,293,"-9.6","9.6","72.1","7.5",621,472,112,31,1,14,95,15.3,50,8.1,2.16097,0.68883,0.42786,0.19584,"92.7",152,48.728813559322035,7.627118644067797,5.797101449275362,5.77,-1.02,0.13,2.31,0.341,36,"0.39195122",0.34,0.423,"-0.39195122",0.004,0.0010000000000000009,-0.009,-0.005,14.2,"38.9"
2163,457705,"McCutchen, Andrew",2163,100,0.232,0.179,0.283,0.411,0.324,0.327,0.227,104,448,88.5,14.3,2276,89.3,89.72,262,908,1255,0.4000000000000057,6.51,109,151,121,146,306,322,291,"-3.9","3.9","70.9","7.6",513,317,65,18,1,20,133,25.9,56,10.9,2.35341,0.54086,0.28533,0.03781,"91.7",158,36.90851735015773,11.987381703470032,7.4074074074074066,5.74,-0.87,0.18,2.28,0.326,38,"0.180813685",0.322,0.421,"-0.180813685",0.005,0.0040000000000000036,-0.01,-0.003,28.9,"37.8"
1983,681351,"O'Hoppe, Logan",1983,100,0.245,0.165,0.318,0.41,0.312,0.331,0.252,117,478,90.3,15,2262,88.7,88.9,347,1032,951,0.20000000000000284,6.47,108,151,121,146,303,323,295,"-2","2","68.1","7.2",521,326,79,17,1,20,154,29.6,33,6.3,2.39847,0.54744,0.25297,0.04535,"92.3",165,46.31901840490797,11.96319018404908,7.485604606525912,5.8,-0.94,0.25,2.24,0.304,39,"0.103277862",0.31,0.455,"-0.103277862",-0.007,-0.006000000000000005,-0.045,-0.019,33.6,"38.5"
2385,677594,"Rodríguez, Julio",2385,100,0.273,0.136,0.344,0.409,0.321,0.344,0.275,155,567,91.7,10.5,2273,89.1,89.34,400,1295,1090,0.20000000000000284,6.44,107,150,121,147,304,326,294,"-10.7","10.7","74.4","7.8",612,413,118,17,0,20,156,25.5,37,6,2.31345,0.5998,0.29128,0.05051,"92.8",154,48.426150121065376,10.16949152542373,6.862745098039216,5.74,-0.9,0.13,2.27,0.324,42,"0.44754717",0.326,0.463,"-0.44754717",-0.002,-0.0020000000000000018,-0.054,-0.023,30.9,"39.1"
2079,663898,"Rodgers, Brendan",2079,100,0.267,0.14,0.338,0.407,0.314,0.295,0.248,134,501,89.1,5,2285,88.7,89.24,265,1025,1054,0.5,6.44,109,150,122,148,310,326,291,"1.1","-1.1","69.6","7.0",538,372,91,29,1,13,132,24.5,30,5.6,2.45998,0.46017,0.2197,0.03932,"91.8",146,44.086021505376344,5.64516129032258,3.903345724907063,5.74,-0.82,0.22,2.2,0.313,21,"-0.052332852",0.296,0.377,"0.052332852",0.019,0.017000000000000015,0.03,0.019,25.9,"37.7"
2048,662139,"Varsho, Daulton",2048,100,0.214,0.194,0.262,0.407,0.304,0.261,0.186,98,459,84.5,24.2,2246,89.4,89.58,263,975,1073,0.19999999999998863,6.42,113,145,107,152,291,322,296,"2.7","-2.7","71.7","7.5",512,324,52,21,7,18,137,26.8,47,9.2,2.2455,0.64824,0.36255,-0.26926,"91.5",158,33.95061728395062,6.172839506172839,3.90625,5.74,-1.22,-0.22,2.34,0.292,20,"-0.130322266",0.267,0.316,"0.130322266",0.028,0.024999999999999967,0.091,0.043,27,"37.9"
2238,605137,"Bell, Josh",2238,100,0.249,0.156,0.286,0.405,0.317,0.31,0.239,134,538,88.9,10.5,2190,89.2,89.44,293,1093,1145,0.20000000000000284,6.48,114,148,126,150,298,324,299,"-7.7","7.7","68.8","7.8",602,421,90,23,2,19,120,19.9,50,8.3,2.26526,0.6398,0.4747,-0.4747,"91.8",149,40.142517814726844,7.600950118764846,5.3156146179401995,5.72,-0.63,0.03,2.38,0.318,32,"0.342940125",0.31,0.396,"-0.342940125",0.01,0.008000000000000007,0.009,0.007,26.8,"37.5"
2063,608385,"Winker, Jesse",2063,100,0.253,0.151,0.304,0.405,0.338,0.329,0.245,109,430,87.8,13.9,2246,89.7,90.04,175,891,1172,0.29999999999999716,6.47,117,147,121,151,291,320,301,"-15.9","15.9","67.6","7.2",506,329,72,23,0,14,106,20.9,61,12.1,2.28498,0.59285,0.34312,-0.13282,"91.2",154,37.38601823708207,7.598784194528875,4.940711462450593,5.79,-1.02,-0.02,2.44,0.357,25,"0.770770722",0.351,0.384,"-0.770770722",0.008,0.006000000000000005,0.021,0.009,19.6,"38.1"
2621,668715,"Steer, Spencer",2621,100,0.225,0.178,0.26,0.402,0.316,0.314,0.235,129,574,87.9,17.2,2270,89.6,89.99,270,1167,1451,0.4000000000000057,6.49,108,150,121,146,301,322,290,"-22.6","22.6","69.8","7.3",654,439,71,34,4,20,137,20.9,70,10.7,2.25336,0.62168,0.33176,0.11231,"91.6",157,39.863325740318906,6.378132118451026,4.281345565749235,5.83,-0.85,0.25,2.28,0.317,28,"0.862800458",0.326,0.379,"-0.862800458",-0.01,-0.009000000000000008,0.023,0.002,23.1,"38.9"
2337,683734,"Vaughn, Andrew",2337,100,0.246,0.156,0.285,0.402,0.304,0.32,0.244,140,569,90.3,16.6,2265,88.5,88.84,254,1154,1183,0.29999999999999716,6.52,108,151,122,147,304,323,290,"7","-7","69.5","7.5",618,443,90,30,1,19,131,21.2,38,6.1,2.41126,0.54354,0.22366,0.01766,"92.2",166,43.340857787810386,9.255079006772009,6.634304207119741,5.74,-0.89,0.18,2.24,0.298,41,"-0.299657681",0.298,0.441,"0.299657681",0.002,0,-0.039,-0.016,22,"37.3"
2356,663993,"Lowe, Nathaniel",2356,100,0.265,0.136,0.324,0.401,0.337,0.328,0.252,129,486,88.9,7.7,2255,90.1,90.26,207,1007,1349,0.20000000000000284,6.41,115,148,127,151,296,327,304,"-18.4","18.4","71.7","7.2",564,365,96,16,1,16,125,22.2,70,12.4,2.17253,0.67835,0.42137,-0.19511,"91.7",159,40,5.7534246575342465,3.723404255319149,5.75,-0.82,-0.05,2.46,0.36,21,"0.782682513",0.351,0.38,"-0.782682513",0.013,0.009000000000000008,0.021,0.009,20.6,"37.6"
2080,657041,"Thomas, Lane",2080,100,0.237,0.163,0.298,0.4,0.309,0.307,0.242,112,472,88.8,17,2279,89.1,89.62,212,910,1169,0.5,6.52,107,150,120,146,301,320,292,"2.5","-2.5","69.9","6.7",527,340,68,26,3,15,137,26,43,8.2,2.32144,0.57876,0.28303,0.00903,"92.0",152,40.588235294117645,7.352941176470589,4.743833017077799,5.79,-0.75,0.23,2.2,0.307,25,"-0.117932692",0.313,0.377,"0.117932692",-0.005,-0.006000000000000005,0.023,0.002,23.3,"38.4"
2534,666969,"García, Adolis",2534,100,0.224,0.176,0.273,0.4,0.296,0.306,0.227,130,580,91,15,2257,89.7,89.86,452,1319,1215,0.20000000000000284,6.42,107,152,123,146,308,329,297,"10.8","-10.8","70.3","7.8",635,409,78,27,0,25,177,27.9,43,6.8,2.21787,0.65996,0.37303,0.11222,"92.2",164,48.16625916870416,12.469437652811736,8.031496062992126,5.74,-0.86,0.21,2.36,0.282,51,"-0.424743489",0.286,0.413,"0.424743489",-0.003,-0.0040000000000000036,-0.013,-0.01,34.3,"37.9"
2747,607043,"Nimmo, Brandon",2747,100,0.225,0.175,0.267,0.4,0.321,0.335,0.245,128,570,91.9,11.2,2254,89.9,90.15,288,1232,1515,0.29999999999999716,6.51,116,146,112,150,291,323,303,"-25.2","25.2","71.5","7.2",661,416,77,25,3,23,157,23.8,76,11.5,2.24097,0.63988,0.38336,-0.14809,"92.1",165,47.355769230769226,9.134615384615383,5.748865355521937,5.76,-0.88,-0.04,2.39,0.327,38,"0.919075355",0.346,0.409,"-0.919075355",-0.02,-0.01899999999999996,-0.009,-0.014,23.4,"38.3"
2124,687401,"Ortiz, Joey",2124,100,0.239,0.159,0.283,0.398,0.319,0.305,0.234,105,440,86.9,9.4,2294,89.3,89.62,143,836,1288,0.29999999999999716,6.47,107,150,116,147,304,319,288,"-9.2","9.2","71.5","7.4",511,346,63,25,6,11,103,20.2,56,11,2.29507,0.63159,0.36614,0.06473,"91.5",153,38.4393063583815,4.624277456647398,3.131115459882583,5.72,-0.62,0.1,2.29,0.329,16,"0.432956685",0.328,0.343,"-0.432956685",0.005,0.0010000000000000009,0.055,0.014,17.1,"38.4"
2723,641857,"McMahon, Ryan",2723,100,0.242,0.155,0.32,0.397,0.315,0.324,0.243,137,567,92,10.1,2260,89.8,90.25,384,1278,1445,0.5,6.41,116,146,122,151,298,330,307,"-5.9","5.9","70.6","7.1",640,386,89,28,0,20,185,28.9,64,10,2.25214,0.5986899999999999,0.33596,-0.13196,"92.1",163,49.740932642487046,10.880829015544041,6.5625,5.75,-0.69,-0.1,2.34,0.32,42,"0.216158649",0.323,0.414,"-0.216158649",-0.001,-0.0030000000000000027,-0.017,-0.009,30,"38.3"
1995,643217,"Benintendi, Andrew",1995,100,0.229,0.168,0.245,0.396,0.298,0.303,0.243,109,477,87.7,16.1,2239,89.3,89.68,202,958,1037,0.4000000000000057,6.52,115,146,110,151,285,319,300,"9.9","-9.9","65.7","6.6",521,384,69,20,0,20,96,18.4,40,7.7,2.26528,0.63067,0.41694,-0.33523,"90.9",164,34.375,6.25,4.606525911708253,5.72,-0.99,-0.27,2.34,0.288,24,"-0.498245614",0.302,0.389,"0.498245614",-0.014,-0.014000000000000012,0.007,-0.005,21.1,"36.7"
2327,669701,"Smith, Josh",2327,100,0.258,0.136,0.311,0.394,0.323,0.304,0.242,135,523,87.1,14.9,2241,89.1,89.16,239,1095,1232,0.10000000000000853,6.39,115,146,110,151,291,324,299,"-9.9","9.9","67.4","6.6",591,407,91,30,1,13,121,20.5,45,7.6,2.34077,0.58075,0.3961,-0.1923,"91.1",150,37.1007371007371,3.6855036855036856,2.5380710659898478,5.76,-0.93,-0.13,2.27,0.336,15,"0.426471852",0.323,0.352,"-0.426471852",0.016,0.013000000000000012,0.042,0.019,21.8,"37.9"
2452,571448,"Arenado, Nolan",2452,100,0.272,0.123,0.296,0.394,0.313,0.295,0.255,157,578,86.3,17,2255,89.4,89.82,197,1148,1304,0.3999999999999915,6.5,107,152,123,147,304,325,296,"-5.6","5.6","68.7","8.2",632,493,118,23,0,16,92,14.6,41,6.5,2.26702,0.62084,0.31038,0.07537,"91.3",151,31.643002028397564,3.2454361054766734,2.5316455696202533,5.74,-0.95,0.19,2.29,0.322,16,"0.227243067",0.309,0.356,"-0.227243067",0.017,0.013000000000000012,0.038,0.018,17.2,"38.2"
2272,665161,"Peña, Jeremy",2272,100,0.266,0.128,0.301,0.394,0.305,0.31,0.263,160,602,87.8,7.4,2267,88.9,89.05,306,1231,1041,0.19999999999998863,6.45,107,150,111,146,297,324,289,"8.6","-8.6","70.5","7.5",649,500,115,28,2,15,111,17.1,24,3.7,2.35937,0.58478,0.35149,0.07887,"91.7",136,38.800000000000004,5.4,4.160246533127889,5.77,-0.95,0.22,2.24,0.307,27,"-0.376320423",0.307,0.394,"0.376320423",0.003,0,0,-0.005,24.9,"37.3"
2853,670623,"Paredes, Isaac",2853,100,0.238,0.155,0.259,0.393,0.327,0.304,0.22,129,542,85,22.4,2295,88.8,88.94,220,1276,1577,0.10000000000000853,6.42,109,151,122,146,298,325,295,"-13.9","13.9","66.6","7.9",639,443,84,25,1,19,105,16.4,74,11.6,2.40249,0.54057,0.24324,0.06694,"91.3",163,27.088036117381492,4.514672686230249,3.1298904538341157,5.75,-0.97,0.37,2.25,0.344,20,"0.486926043",0.331,0.337,"-0.486926043",0.018,0.012999999999999956,0.056,0.023,17.2,"38.3"
2416,650333,"Arraez, Luis",2416,100,0.314,0.078,0.324,0.392,0.323,0.325,0.31,200,637,86.1,13.3,2231,89.6,89.79,83,1202,1214,0.20000000000000284,6.47,118,148,109,151,279,312,299,"-4.3","4.3","61.4","5.8",669,611,161,32,3,4,29,4.3,21,3.1,2.21266,0.68583,0.43713,-0.26681,"90.2",166,23.731587561374795,1.6366612111292964,1.4947683109118086,5.73,-0.74,-0.26,2.32,0.343,10,"0.179139073",0.34,0.4,"-0.179139073",0.004,0.0030000000000000027,-0.008,-0.002,6.9,"37.2"
2652,663697,"India, Jonathan",2652,100,0.248,0.144,0.292,0.392,0.333,0.352,0.266,132,533,86.9,13.4,2256,89.3,89.63,195,1017,1635,0.29999999999999716,6.47,109,152,120,147,301,321,289,"-16","16","69.4","7.1",637,417,87,28,2,15,125,19.6,80,12.6,2.27274,0.62336,0.33578,0.09427,"91.4",152,36.45083932853717,7.673860911270983,5.023547880690738,5.83,-0.76,0.21,2.32,0.357,32,"0.603280543",0.376,0.412,"-0.603280543",-0.018,-0.019000000000000017,-0.02,-0.019,19.2,"39.3"
2593,668939,"Rutschman, Adley",2593,100,0.25,0.14,0.272,0.391,0.309,0.315,0.255,143,571,88.2,18.8,2214,89.2,89.38,197,1153,1440,0.20000000000000284,6.45,114,147,125,150,298,325,297,"-10.1","10.1","67.5","6.9",635,475,102,21,1,19,103,16.2,55,8.7,2.33756,0.58801,0.37316,-0.37316,"91.4",169,36.63157894736842,6.105263157894736,4.566929133858268,5.73,-0.8,-0.14,2.32,0.315,29,"0.387813344",0.322,0.393,"-0.387813344",-0.005,-0.007000000000000006,-0.002,-0.006,17.1,"38.3"
2626,543760,"Semien, Marcus",2626,100,0.237,0.154,0.25,0.391,0.306,0.313,0.251,154,650,87.4,17,2272,88.9,89.1,265,1313,1313,0.19999999999998863,6.46,109,152,122,146,304,326,294,"-6","6","66.3","7.6",716,546,102,27,2,23,105,14.7,62,8.7,2.33002,0.60042,0.26446,0.03518,"91.3",154,35.16483516483517,6.593406593406594,5.027932960893855,5.77,-0.85,0.34,2.22,0.306,36,"0.228408225",0.319,0.391,"-0.228408225",-0.014,-0.013000000000000012,0,-0.007,20.2,"38.4"
2752,630105,"Cronenworth, Jake",2752,100,0.241,0.149,0.274,0.39,0.315,0.335,0.259,139,577,88.3,13.5,2248,90.1,90.37,212,1238,1514,0.30000000000001137,6.5,115,147,115,151,287,320,304,"-9.3","9.3","67.1","6.9",656,463,90,29,3,17,118,18,61,9.3,2.20088,0.6601,0.41473,-0.21566,"91.4",161,36.7170626349892,7.775377969762419,5.487804878048781,5.72,-0.81,-0.19,2.46,0.324,36,"0.33931686",0.341,0.42,"-0.33931686",-0.018,-0.017000000000000015,-0.03,-0.02,17.1,"37.1"
2355,621020,"Swanson, Dansby",2355,100,0.242,0.148,0.3,0.39,0.306,0.32,0.244,129,534,89.4,10.3,2284,89.1,89.44,330,1148,1207,0.30000000000001137,6.48,109,151,122,146,302,322,293,"-2.1","2.1","70.0","7.4",590,393,84,27,2,16,144,24.4,51,8.6,2.37177,0.54159,0.24656,0.01963,"91.6",143,42.74809160305343,9.16030534351145,6.101694915254238,5.76,-1.05,0.27,2.26,0.308,36,"0.091210191",0.312,0.416,"-0.091210191",-0.002,-0.0040000000000000036,-0.026,-0.014,28.7,"37.2"
2070,678882,"Rafaela, Ceddanne",2070,100,0.246,0.143,0.312,0.39,0.286,0.273,0.229,134,544,85.9,14.1,2300,88.8,89.05,423,1282,787,0.29999999999999716,6.46,104,150,108,146,292,319,292,"6.2","-6.2","67.6","7.3",570,398,91,23,5,15,151,26.5,14,2.5,2.38702,0.57625,0.25452,-0.01949,"90.9",149,36.93467336683417,7.537688442211055,5.263157894736842,5.69,-0.81,0.27,2.28,0.273,30,"-0.299855072",0.257,0.368,"0.299855072",0.017,0.016000000000000014,0.022,0.013,33,"38.3"
2774,668227,"Arozarena, Randy",2774,100,0.219,0.169,0.275,0.388,0.32,0.324,0.219,120,549,90.4,13.2,2284,89.4,89.51,337,1136,1638,0.09999999999999432,6.42,107,151,120,147,301,326,294,"1.8","-1.8","70.3","7.3",648,384,67,33,0,20,169,26.1,73,11.3,2.30595,0.59633,0.32731,0.06195,"92.1",151,43.48958333333333,8.333333333333332,4.938271604938271,5.69,-0.82,0.28,2.23,0.332,32,"-0.066005768",0.335,0.381,"0.066005768",0,-0.0030000000000000027,0.007,-0.004,29.7,"37.7"
2509,650489,"Castro, Willi",2509,100,0.247,0.138,0.315,0.385,0.317,0.32,0.244,138,558,86.7,13.3,2240,89.2,89.48,374,1290,1219,0.29999999999999716,6.47,112,146,108,149,293,322,295,"-13.1","13.1","68.9","7.0",635,413,90,31,5,12,150,23.6,51,8,2.30014,0.61,0.36971,-0.36919,"91.2",156,36.803874092009686,7.021791767554479,4.566929133858268,5.81,-1.01,-0.12,2.31,0.331,29,"0.520326823",0.331,0.381,"-0.520326823",0.003,0,0.004,-0.003,29,"39.0"
2394,650559,"De La Cruz, Bryan",2394,100,0.233,0.151,0.289,0.384,0.283,0.302,0.242,136,584,89.6,13.1,2287,88.9,89.08,385,1279,1114,0.19999999999998863,6.47,109,151,122,146,305,322,292,"12.9","-12.9","70.1","7.6",621,419,90,25,0,21,170,27.4,28,4.5,2.34114,0.5917,0.23884,-0.08158,"91.7",163,41.288782816229116,9.307875894988067,6.280193236714976,5.72,-0.73,0.34,2.26,0.269,39,"-0.537510443",0.279,0.419,"0.537510443",-0.009,-0.010000000000000009,-0.035,-0.019,30.1,"38.1"
2320,457759,"Turner, Justin",2320,100,0.259,0.124,0.299,0.383,0.327,0.328,0.252,119,460,87.2,17.8,2289,90.5,90.72,179,1054,1266,0.20000000000000284,6.47,108,151,122,147,300,322,289,"-3.2","3.2","63.3","6.3",537,372,84,24,0,11,95,17.7,57,10.6,2.074,0.75085,0.38209,0.11474,"90.4",176,32.526881720430104,4.56989247311828,3.165735567970205,5.75,-0.78,0.34,2.38,0.352,17,"0.138922414",0.349,0.383,"-0.138922414",0.007,0.0030000000000000027,0,-0.001,17,"39.1"
2022,690993,"Keith, Colt",2022,100,0.26,0.12,0.306,0.38,0.301,0.311,0.266,134,516,87.8,11.3,2236,88.6,88.87,228,983,1039,0.30000000000001137,6.4,116,146,122,152,291,324,299,"0.3","-0.3","69.5","6.6",554,408,102,15,4,13,110,19.9,34,6.1,2.39998,0.54959,0.33889,-0.25359,"91.6",163,35.294117647058826,5.637254901960785,4.1516245487364625,5.71,-1.22,-0.12,2.29,0.307,23,"-0.016765579",0.314,0.393,"0.016765579",-0.006,-0.007000000000000006,-0.013,-0.01,23.2,"37.6"
2821,650402,"Torres, Gleyber",2821,100,0.257,0.121,0.306,0.378,0.313,0.307,0.24,151,587,88.2,14.8,2273,88.8,89.12,296,1290,1531,0.29999999999999716,6.52,109,151,121,147,303,323,287,"-4.1","4.1","68.4","7.2",665,461,110,26,0,15,136,20.5,65,9.8,2.35294,0.59136,0.26658,-0.01683,"91.1",175,35.35791757049891,6.29067245119306,4.360902255639098,5.75,-0.85,0.25,2.29,0.33,29,"0.14427508",0.317,0.368,"-0.14427508",0.017,0.013000000000000012,0.01,0.006,22.9,"38.6"
2314,663538,"Hoerner, Nico",2314,100,0.273,0.1,0.297,0.373,0.313,0.313,0.28,159,582,85.7,10.3,2278,89.6,90.06,133,1119,1195,0.5,6.5,109,150,114,147,300,317,289,"-4.6","4.6","66.7","7.0",640,519,116,35,1,7,66,10.3,43,6.7,2.27143,0.59987,0.31826,0.11065,"90.4",152,27.552986512524086,1.1560693641618496,0.9375,5.78,-1,0.25,2.26,0.334,6,"0.198357822",0.343,0.353,"-0.198357822",-0.007,-0.009000000000000008,0.02,0,11.9,"38.4"
2304,543807,"Springer, George",2304,100,0.22,0.15,0.245,0.371,0.298,0.322,0.244,120,545,87.5,9.4,2283,89,89.23,286,1131,1173,0.20000000000000284,6.45,108,152,122,147,300,324,291,"5.5","-5.5","69.6","7.4",614,432,79,19,3,19,115,18.7,60,9.8,2.32779,0.59377,0.3043,0.04903,"91.7",139,37.26851851851852,9.25925925925926,6.514657980456026,5.74,-0.87,0.19,2.29,0.303,40,"-0.239800347",0.325,0.402,"0.239800347",-0.024,-0.02200000000000002,-0.031,-0.024,25.3,"37.9"
2028,664034,"France, Ty",2028,100,0.234,0.132,0.277,0.365,0.296,0.303,0.228,112,479,88.7,12.9,2281,89.5,89.78,251,1038,990,0.29999999999999716,6.45,107,151,122,147,301,321,287,"6.2","-6.2","69.3","7.5",535,370,75,24,0,13,114,21.3,38,7.1,2.21971,0.66612,0.30586,0.10348,"91.6",162,40,7.297297297297297,5.046728971962617,5.8,-0.81,0.21,2.38,0.305,27,"-0.304487179",0.301,0.387,"0.304487179",0.006,0.0040000000000000036,-0.022,-0.007,24.2,"40.0"
2797,683011,"Volpe, Anthony",2797,100,0.243,0.121,0.303,0.364,0.287,0.278,0.238,155,637,87,8.1,2276,88.9,89.18,304,1345,1452,0.29999999999999716,6.49,106,151,111,146,301,322,286,"11","-11","66.8","7.0",688,486,109,27,7,12,156,22.7,41,6,2.35759,0.58196,0.26768,0.04452,"90.9",154,35.390946502057616,3.909465020576132,2.761627906976744,5.75,-0.81,0.09,2.31,0.292,19,"-0.392956739",0.289,0.332,"0.392956739",0.005,0.0030000000000000027,0.032,0.009,22.6,"38.5"
2055,680869,"Gelof, Zack",2055,100,0.211,0.151,0.296,0.362,0.276,0.271,0.199,105,497,88.3,13.3,2258,88.8,88.94,385,1058,997,0.10000000000000853,6.44,107,151,115,146,302,323,293,"23.4","-23.4","69.4","7.2",547,317,66,20,2,17,188,34.4,38,6.9,2.40278,0.54399,0.32565,0.14655,"91.3",146,37.22397476340694,8.832807570977918,5.118829981718465,5.76,-1.06,0.16,2.17,0.27,28,"-1.137128954",0.262,0.347,"1.137128954",0.012,0.008000000000000007,0.015,0.005,36.4,"38.0"
2356,694384,"Schanuel, Nolan",2356,100,0.25,0.112,0.285,0.362,0.315,0.321,0.258,130,519,85.5,9.9,2252,89.6,89.77,142,985,1371,0.20000000000000284,6.42,117,147,116,151,291,319,300,"-1.4","1.4","63.1","6.5",607,426,98,19,0,13,103,17,68,11.2,2.24687,0.63256,0.3856,-0.199,"90.2",149,25.352112676056336,3.5211267605633805,2.471169686985173,5.8,-1,-0.25,2.35,0.343,15,"0.059634975",0.351,0.359,"-0.059634975",-0.008,-0.007999999999999952,0.003,-0.006,14.4,"37.8"
1817,676694,"Meyers, Jake",1817,100,0.22,0.141,0.263,0.361,0.285,0.304,0.235,101,460,86.7,13.2,2267,88.9,88.99,241,893,924,0.09999999999999432,6.46,106,151,110,146,296,324,290,"14.2","-14.2","65.5","6.8",512,351,65,20,3,13,116,22.7,35,6.8,2.35191,0.60448,0.31791,0.00235,"91.4",152,37.03703703703704,6.837606837606838,4.6875,5.79,-0.73,0.2,2.25,0.287,24,"-0.779746835",0.304,0.383,"0.779746835",-0.015,-0.017000000000000015,-0.022,-0.019,27,"37.9"
2342,657077,"Verdugo, Alex",2342,100,0.233,0.124,0.253,0.357,0.284,0.302,0.25,130,558,87.7,9.7,2222,89.4,89.66,162,1046,1296,0.29999999999999716,6.49,115,146,116,151,288,323,298,"17.7","-17.7","66.4","6.2",620,478,88,28,1,13,92,14.8,49,7.9,2.26936,0.63971,0.41563,-0.17435,"91.2",147,34.93723849372385,5.648535564853557,4.354838709677419,5.76,-0.64,-0.19,2.39,0.291,27,"-0.756831768",0.31,0.374,"0.756831768",-0.017,-0.019000000000000017,-0.017,-0.018,15.5,"38.4"
2307,681082,"Stott, Bryson",2307,100,0.245,0.111,0.275,0.356,0.295,0.306,0.254,124,506,86.8,13.8,2227,89.5,89.8,173,1018,1289,0.29999999999999716,6.47,115,146,109,150,285,320,300,"9.8","-9.8","66.1","7.0",569,422,92,19,2,11,93,16.3,51,9,2.26091,0.63138,0.40829,-0.25344,"90.8",160,30.80568720379147,3.5545023696682465,2.6362038664323375,5.8,-1,-0.22,2.33,0.313,15,"-0.424187256",0.323,0.363,"0.424187256",-0.009,-0.010000000000000009,-0.007,-0.011,17,"37.2"
2332,606115,"Arcia, Orlando",2332,100,0.218,0.136,0.249,0.354,0.273,0.261,0.206,120,551,88.1,8.6,2269,89.1,89.52,305,1146,1186,0.4000000000000057,6.5,108,150,122,146,306,325,293,"31.6","-31.6","68.9","7.8",601,431,79,24,0,17,128,21.3,40,6.7,2.34782,0.57497,0.27781,0.05307,"91.3",140,37.81902552204176,5.336426914153132,3.826955074875208,5.84,-0.82,0.23,2.28,0.27,23,"-1.355960549",0.262,0.323,"1.355960549",0.012,0.008000000000000007,0.031,0.012,26.6,"39.6"
2008,665750,"Taveras, Leody",2008,100,0.229,0.123,0.272,0.352,0.282,0.295,0.24,110,480,88.1,14.1,2231,89,89.07,257,980,1028,0.09999999999999432,6.41,112,146,107,150,294,324,299,"15","-15","69.0","7.4",529,375,78,17,3,12,112,21.2,42,7.9,2.36905,0.56143,0.42561,-0.42561,"91.2",154,35.46666666666667,5.866666666666666,4.158790170132325,5.75,-1.16,-0.14,2.32,0.289,22,"-0.748456175",0.301,0.368,"0.748456175",-0.011,-0.01200000000000001,-0.016,-0.013,26.2,"37.6"
2470,668930,"Turang, Brice",2470,100,0.254,0.095,0.3,0.349,0.294,0.297,0.261,142,558,85.1,4,2252,89.3,89.59,162,1178,1291,0.29999999999999716,6.45,113,146,101,150,288,316,300,"7","-7","63.0","5.9",616,462,107,24,4,7,104,16.9,48,7.8,2.29279,0.61012,0.3889,-0.23625,"90.3",154,29.653679653679653,2.380952380952381,1.7857142857142856,5.72,-1.11,-0.1,2.29,0.314,11,"-0.284089069",0.321,0.34,"0.284089069",-0.007,-0.007000000000000006,0.009,-0.003,13.8,"38.0"
2352,666624,"Morel, Christopher",2352,100,0.196,0.15,0.233,0.346,0.28,0.316,0.225,105,535,89.2,14.2,2305,89.4,89.67,377,1105,1246,0.29999999999999716,6.47,108,151,123,146,300,325,297,"16.3","-16.3","74.1","7.9",608,381,70,11,3,21,159,26.2,58,9.5,2.32449,0.57068,0.26563,0.07429,"92.5",145,40.419947506561684,10.236220472440944,6.4144736842105265,5.75,-1.09,0.22,2.25,0.285,39,"-0.694217687",0.313,0.399,"0.694217687",-0.029,-0.028000000000000025,-0.053,-0.036,34.1,"38.1"
2400,665926,"Giménez, Andrés",2400,100,0.252,0.087,0.286,0.34,0.281,0.296,0.262,147,583,85.4,8.3,2245,88.9,89.22,309,1354,1046,0.29999999999999716,6.43,111,145,105,150,284,319,297,"12.4","-12.4","65.9","6.8",632,495,115,22,1,9,97,15.3,25,4,2.33176,0.58468,0.32906,-0.18972,"90.6",140,28.484848484848484,2.8282828282828283,2.2151898734177213,5.78,-0.83,-0.16,2.29,0.297,14,"-0.515416667",0.309,0.355,"0.515416667",-0.01,-0.01200000000000001,-0.015,-0.015,22.8,"38.1"
2046,686217,"Frelick, Sal",2046,100,0.259,0.076,0.306,0.335,0.293,0.279,0.247,123,474,82.3,9,2286,89.3,89.63,110,850,1196,0.29999999999999716,6.47,113,146,102,150,287,315,298,"1.2","-1.2","63.8","6.8",523,400,95,22,4,2,77,14.7,39,7.5,2.29937,0.60766,0.32629,-0.1871,"90.3",139,19.5,0.75,0.5736137667304015,5.73,-1.17,-0.11,2.29,0.32,3,"-0.059481916",0.309,0.305,"0.059481916",0.012,0.01100000000000001,0.03,0.014,12.9,"38.3"
2360,672580,"Garcia, Maikel",2360,100,0.231,0.101,0.268,0.332,0.27,0.3,0.26,133,575,89.4,5.7,2293,89.8,90.16,161,1025,1335,0.4000000000000057,6.44,107,151,112,147,308,324,294,"17.6","-17.6","68.5","7.0",626,481,94,27,5,7,103,16.5,42,6.7,2.17982,0.67851,0.29915,0.08561,"92.1",156,42.82744282744283,3.7422037422037424,2.8753993610223643,5.78,-0.88,0.28,2.38,0.281,18,"-0.744576271",0.31,0.366,"0.744576271",-0.029,-0.02899999999999997,-0.034,-0.03,15.7,"39.5"
1955,696285,"Young, Jacob",1955,100,0.256,0.075,0.321,0.331,0.29,0.286,0.253,120,468,81.1,1.9,2257,89.1,89.62,169,877,1078,0.5,6.54,102,148,102,147,302,317,287,"8.2","-8.2","62.4","6.5",521,377,92,24,1,3,102,19.6,30,5.8,2.35916,0.54928,0.32943,-0.0145,"90.5",130,28.912466843501328,1.5915119363395225,1.1516314779270633,5.78,-0.61,0.12,2.29,0.316,6,"-0.421534527",0.314,0.317,"0.421534527",0.003,0.0020000000000000018,0.014,0.004,19.3,"36.9"